<annotation>
	<folder>101-&#20070;&#34417;&#12289;&#29577;&#31859;&#35937;</folder>
	<filename>105.jpg</filename>
	<path>C:\Users\77255\Desktop\czj-393\101-&#20070;&#34417;&#12289;&#29577;&#31859;&#35937;\105.jpg</path>
	<source>
		<database>Unknown</database>
	</source>
	<size>
		<width>1268</width>
		<height>640</height>
		<depth>3</depth>
	</size>
	<segmented>0</segmented>
	<object>
		<name>sz</name>
		<pose>Unspecified</pose>
		<truncated>0</truncated>
		<difficult>0</difficult>
		<bndbox>
			<xmin>76</xmin>
			<ymin>448</ymin>
			<xmax>104</xmax>
			<ymax>489</ymax>
		</bndbox>
	</object>
</annotation>