<annotation>
	<folder>20220329175501_ch01&#39044;&#32622;&#28857;A3</folder>
	<filename>105.jpg</filename>
	<path>C:\Shreds\&#25968;&#25454;&#38598;\&#31532;&#20108;&#27425;\bp1\0329\n1\20220329175501_ch01&#39044;&#32622;&#28857;A3\105.jpg</path>
	<source>
		<database>Unknown</database>
	</source>
	<size>
		<width>2560</width>
		<height>1440</height>
		<depth>3</depth>
	</size>
	<segmented>0</segmented>
	<object>
		<name>tc</name>
		<pose>Unspecified</pose>
		<truncated>0</truncated>
		<difficult>1</difficult>
		<bndbox>
			<xmin>109</xmin>
			<ymin>100</ymin>
			<xmax>124</xmax>
			<ymax>114</ymax>
		</bndbox>
	</object>
	<object>
		<name>tc</name>
		<pose>Unspecified</pose>
		<truncated>0</truncated>
		<difficult>1</difficult>
		<bndbox>
			<xmin>79</xmin>
			<ymin>728</ymin>
			<xmax>98</xmax>
			<ymax>746</ymax>
		</bndbox>
	</object>
	<object>
		<name>tc</name>
		<pose>Unspecified</pose>
		<truncated>0</truncated>
		<difficult>0</difficult>
		<bndbox>
			<xmin>486</xmin>
			<ymin>1144</ymin>
			<xmax>511</xmax>
			<ymax>1173</ymax>
		</bndbox>
	</object>
	<object>
		<name>tc</name>
		<pose>Unspecified</pose>
		<truncated>0</truncated>
		<difficult>0</difficult>
		<bndbox>
			<xmin>1037</xmin>
			<ymin>791</ymin>
			<xmax>1072</xmax>
			<ymax>821</ymax>
		</bndbox>
	</object>
</annotation>