<annotation>
	<folder>raw_data</folder>
	<filename>20230202120849Preset129.jpg</filename>
	<path>D:\成都院粮面测虫项目\成都院害虫数据集\青白江\已核验标记图像数据\2023青白江已审核\稻谷活虫素材2\8-[海康球机][球机高度161cm][锐度50][四分之一圆][玉米][稻谷]\raw_data\20230202120849Preset129.jpg</path>
	<source>
		<database>Unknown</database>
	</source>
	<size>
		<width>2560</width>
		<height>1440</height>
		<depth>3</depth>
	</size>
	<segmented>0</segmented>
	<object>
		<name>tc</name>
		<pose>Unspecified</pose>
		<truncated>0</truncated>
		<difficult>0</difficult>
		<bndbox>
			<xmin>169</xmin>
			<ymin>1363</ymin>
			<xmax>239</xmax>
			<ymax>1413</ymax>
		</bndbox>
	</object>
</annotation>
