<annotation>
	<folder>raw_data</folder>
	<filename>20230202120820Preset126.jpg</filename>
	<path>D:\成都院粮面测虫项目\成都院害虫数据集\青白江\已核验标记图像数据\2023青白江已审核\稻谷活虫素材2\8-[海康球机][球机高度161cm][锐度50][四分之一圆][玉米][稻谷]\raw_data\20230202120820Preset126.jpg</path>
	<source>
		<database>Unknown</database>
	</source>
	<size>
		<width>2560</width>
		<height>1440</height>
		<depth>3</depth>
	</size>
	<segmented>0</segmented>
	<object>
		<name>tc</name>
		<pose>Unspecified</pose>
		<truncated>0</truncated>
		<difficult>0</difficult>
		<bndbox>
			<xmin>95</xmin>
			<ymin>85</ymin>
			<xmax>156</xmax>
			<ymax>118</ymax>
		</bndbox>
	</object>
	<object>
		<name>rd</name>
		<pose>Unspecified</pose>
		<truncated>0</truncated>
		<difficult>0</difficult>
		<bndbox>
			<xmin>156</xmin>
			<ymin>306</ymin>
			<xmax>198</xmax>
			<ymax>334</ymax>
		</bndbox>
	</object>
	<object>
		<name>rd</name>
		<pose>Unspecified</pose>
		<truncated>0</truncated>
		<difficult>0</difficult>
		<bndbox>
			<xmin>1404</xmin>
			<ymin>399</ymin>
			<xmax>1451</xmax>
			<ymax>426</ymax>
		</bndbox>
	</object>
	<object>
		<name>rd</name>
		<pose>Unspecified</pose>
		<truncated>0</truncated>
		<difficult>0</difficult>
		<bndbox>
			<xmin>838</xmin>
			<ymin>322</ymin>
			<xmax>896</xmax>
			<ymax>347</ymax>
		</bndbox>
	</object>
	<object>
		<name>rd</name>
		<pose>Unspecified</pose>
		<truncated>0</truncated>
		<difficult>0</difficult>
		<bndbox>
			<xmin>914</xmin>
			<ymin>999</ymin>
			<xmax>953</xmax>
			<ymax>1022</ymax>
		</bndbox>
	</object>
	<object>
		<name>tc</name>
		<pose>Unspecified</pose>
		<truncated>0</truncated>
		<difficult>0</difficult>
		<bndbox>
			<xmin>1177</xmin>
			<ymin>939</ymin>
			<xmax>1215</xmax>
			<ymax>982</ymax>
		</bndbox>
	</object>
</annotation>
