<annotation>
	<folder>raw_data</folder>
	<filename>20230202120927Preset133.jpg</filename>
	<path>F:\2021-5#中储粮集团公司项目“基于人工智能和大数据技术的粮库视频监控技术升级”\害虫标注\青白江库数据\20230202-算法测试\8-[海康球机][球机高度161cm][锐度50][四分之一圆][玉米][稻谷]\raw_data\20230202120927Preset133.jpg</path>
	<source>
		<database>Unknown</database>
	</source>
	<size>
		<width>2560</width>
		<height>1440</height>
		<depth>3</depth>
	</size>
	<segmented>0</segmented>
	<object>
		<name>rd</name>
		<pose>Unspecified</pose>
		<truncated>0</truncated>
		<difficult>0</difficult>
		<bndbox>
			<xmin>1233</xmin>
			<ymin>589</ymin>
			<xmax>1255</xmax>
			<ymax>631</ymax>
		</bndbox>
	</object>
</annotation>
