<annotation>
	<folder>raw_data</folder>
	<filename>20230202120858Preset130.jpg</filename>
	<path>F:\已核验青白江图像数据\2023青白江\稻谷活虫素材2\8-[海康球机][球机高度161cm][锐度50][四分之一圆][玉米][稻谷]\raw_data\20230202120858Preset130.jpg</path>
	<source>
		<database>Unknown</database>
	</source>
	<size>
		<width>2560</width>
		<height>1440</height>
		<depth>3</depth>
	</size>
	<segmented>0</segmented>
	<object>
		<name>rd</name>
		<pose>Unspecified</pose>
		<truncated>0</truncated>
		<difficult>0</difficult>
		<bndbox>
			<xmin>1124</xmin>
			<ymin>556</ymin>
			<xmax>1157</xmax>
			<ymax>586</ymax>
		</bndbox>
	</object>
	<object>
		<name>rd</name>
		<pose>Unspecified</pose>
		<truncated>0</truncated>
		<difficult>0</difficult>
		<bndbox>
			<xmin>333</xmin>
			<ymin>466</ymin>
			<xmax>370</xmax>
			<ymax>498</ymax>
		</bndbox>
	</object>
	<object>
		<name>rd</name>
		<pose>Unspecified</pose>
		<truncated>0</truncated>
		<difficult>0</difficult>
		<bndbox>
			<xmin>1656</xmin>
			<ymin>830</ymin>
			<xmax>1679</xmax>
			<ymax>863</ymax>
		</bndbox>
	</object>
	<object>
		<name>rd</name>
		<pose>Unspecified</pose>
		<truncated>0</truncated>
		<difficult>0</difficult>
		<bndbox>
			<xmin>1021</xmin>
			<ymin>588</ymin>
			<xmax>1049</xmax>
			<ymax>615</ymax>
		</bndbox>
	</object>
</annotation>
