<annotation>
	<folder>raw_data</folder>
	<filename>20230202120829Preset127.jpg</filename>
	<path>F:\2021-5#中储粮集团公司项目“基于人工智能和大数据技术的粮库视频监控技术升级”\害虫标注\青白江库数据\20230202-算法测试\8-[海康球机][球机高度161cm][锐度50][四分之一圆][玉米][稻谷]\raw_data\20230202120829Preset127.jpg</path>
	<source>
		<database>Unknown</database>
	</source>
	<size>
		<width>2560</width>
		<height>1440</height>
		<depth>3</depth>
	</size>
	<segmented>0</segmented>
	<object>
		<name>rd</name>
		<pose>Unspecified</pose>
		<truncated>0</truncated>
		<difficult>0</difficult>
		<bndbox>
			<xmin>1045</xmin>
			<ymin>166</ymin>
			<xmax>1084</xmax>
			<ymax>188</ymax>
		</bndbox>
	</object>
	<object>
		<name>rd</name>
		<pose>Unspecified</pose>
		<truncated>0</truncated>
		<difficult>0</difficult>
		<bndbox>
			<xmin>1006</xmin>
			<ymin>328</ymin>
			<xmax>1032</xmax>
			<ymax>355</ymax>
		</bndbox>
	</object>
	<object>
		<name>tc</name>
		<pose>Unspecified</pose>
		<truncated>0</truncated>
		<difficult>0</difficult>
		<bndbox>
			<xmin>1211</xmin>
			<ymin>6</ymin>
			<xmax>1269</xmax>
			<ymax>39</ymax>
		</bndbox>
	</object>
	<object>
		<name>tc</name>
		<pose>Unspecified</pose>
		<truncated>0</truncated>
		<difficult>0</difficult>
		<bndbox>
			<xmin>337</xmin>
			<ymin>695</ymin>
			<xmax>386</xmax>
			<ymax>749</ymax>
		</bndbox>
	</object>
</annotation>
